loja_nome,segmento,shopping,valor,cupons
.,Beleza e Bem-estar,Balneário Shopping,6539.81,13
.,Calçados,Balneário Shopping,43481.73,42
.,Calçados,Garten Shopping,23081.51,27
.,Gastronomia,Continente Shopping,134.0,2
10 Pastéis,Gastronomia,Balneário Shopping,858.8,12
A Fabulosa,Presentes e Acessórios,Norte Shopping,1245.3999999999999,21
ADCOS,Beleza e Bem-estar,Continente Shopping,6014.75,8
ADCOS,Beleza e Bem-estar,Garten Shopping,2692.95,8
AJFans Neumarkt,Promocional,Neumarkt Shopping,500.0,1
ALLMINI,Presentes e Acessórios,Norte Shopping,2191.72,23
Acium,Presentes e Acessórios,Balneário Shopping,1524.0,3
Acuo,Moda,Nações Shopping,3704.88,10
Adcos,Beleza e Bem-estar,Balneário Shopping,4273.6,9
Adcos,Beleza e Bem-estar,Nações Shopping,588.6,3
Adidas,Esportes,Balneário Shopping,27965.73,21
Adidas,Esportes,Neumarkt Shopping,35126.08,43
Adidas Originals,Moda,Balneário Shopping,20343.82,28
Alison Salles Hair Stylist,Salão de Beleza | Barbearia,Neumarkt Shopping,1323.5,8
Altenburg,Casa e Decoração,Balneário Shopping,12417.48,11
Altenburg,Casa e Decoração,Continente Shopping,1530.0,2
Anacapri,Calçados Femininos,Garten Shopping,3669.1600000000003,15
Anacapri,Lazer,Continente Shopping,1439.3999999999999,5
Animale,Moda Feminina,Balneário Shopping,19950.0,13
Anjos Colchões & Sofás,Casa e Decoração,Neumarkt Shopping,5612.46,4
Anselmi,Moda Feminina,Balneário Shopping,11978.8,7
Aramis,Moda,Balneário Shopping,5437.37,2
Aramis,Moda,Nações Shopping,3619.2,3
Aramis,Moda,Neumarkt Shopping,6429.200000000001,4
Aramis Menswear,Moda,Garten Shopping,6009.3,6
Arezzo,Calçados,Continente Shopping,12529.44,21
Arezzo,Calçados,Garten Shopping,9944.02,14
Arezzo,Calçados,Nações Shopping,3720.4,8
Arezzo,Calçados,Neumarkt Shopping,20208.25,38
Arezzo,Calçados,Norte Shopping,3353.5099999999998,9
Arezzo,Calçados Femininos,Balneário Shopping,17335.12,30
Arquipélago  Sushi,Gastronomia,Continente Shopping,6987.21,16
Artwalk,Calçados,Balneário Shopping,6789.91,4
AstroBox,Gastronomia,Continente Shopping,346.1,4
Atacadão,Supermercado,Norte Shopping,20341.23,114
Audithorium,Moda,Balneário Shopping,13960.560000000001,11
Audithorium,Moda,Garten Shopping,8637.03,12
Audithorium Menswear,Moda,Continente Shopping,9898.11,8
Authentic Feet,Moda,Neumarkt Shopping,5284.9,7
Avatim,Beleza e Bem-estar,Nações Shopping,4602.5,21
Avatim,Beleza e Bem-estar,Neumarkt Shopping,12398.0,66
Avatim,Beleza e Bem-estar,Norte Shopping,5053.8,34
Bacio di Latte,Gastronomia,Balneário Shopping,2559.2599999999998,50
Bacio di Latte,Gastronomia,Continente Shopping,3006.37,64
Bagaggio,Presentes e Acessórios,Continente Shopping,2549.06,6
Bagaggio,Presentes e Acessórios,Garten Shopping,7572.53,15
Bagaggio,Presentes e Acessórios,Nações Shopping,2094.26,4
Bagaggio,Presentes e Acessórios,Neumarkt Shopping,2517.25,7
Balneário Shopping - Estacionamento,Serviços,Balneário Shopping,4615.0,122
Baummer,Joalheria,Nações Shopping,617.98,4
Baummer Semijóias,Presentes e Acessórios,Garten Shopping,2658.35,13
Beagle,Moda,Balneário Shopping,1009.6,3
Beagle,Moda,Continente Shopping,1409.6,4
Beagle,Moda,Garten Shopping,5013.79,11
Beagle,Moda,Nações Shopping,1609.6,2
Beagle,Moda,Norte Shopping,399.29999999999995,2
BelShop,Beleza e Bem-estar,Nações Shopping,3590.61,27
Belshop,Beleza e Bem-estar,Neumarkt Shopping,2901.2799999999997,27
Bibi,Infantil,Balneário Shopping,6483.969999999999,15
Bibi Calçados,Calçados,Garten Shopping,2170.15,4
Big Jack Cervejaria,Gastronomia,Nações Shopping,91.0,4
BioMundo Produtos Naturais,Beleza e Bem-estar,Neumarkt Shopping,807.55,8
Bkko,Moda,Norte Shopping,2709.3999999999996,5
Bob's,Gastronomia,Balneário Shopping,375.8,11
Bob's,Gastronomia,Norte Shopping,549.55,12
Bob's (Quiosque 1),Gastronomia - Sorvetes,Norte Shopping,128.0,3
Bob's (Quiosque 2),Gastronomia - Sorvetes,Norte Shopping,101.0,5
Bob's - Quiosque 2,Gastronomia,Nações Shopping,669.7,18
Bob's Sorvete - Quiosque,Gastronomia,Continente Shopping,649.5,19
Boiko,Joalheria,Balneário Shopping,3110.0,1
Boiko Joalheiros,Joalheria,Norte Shopping,2094.0,2
Bom Beef,Gastronomia,Continente Shopping,1185.56,13
Bondyou,Presentes e Acessórios,Balneário Shopping,121.5,2
Bonna Panquecas e Massas,Gastronomia,Balneário Shopping,827.9,10
Borelli Gelato,Gastronomia - Sorvetes,Continente Shopping,503.0,10
Boss,Moda,Balneário Shopping,17130.0,5
Botoclinic,Beleza e Bem-estar,Norte Shopping,2579.0,2
Bottero,Calçados,Balneário Shopping,9177.199999999999,18
Bottero,Calçados,Neumarkt Shopping,10046.9,18
Brasil Cacau,Gastronomia,Continente Shopping,320.95,8
Bread Pide,Gastronomia,Balneário Shopping,760.38,10
Brooksfield,Moda,Balneário Shopping,11268.53,10
Brooksfield,Moda,Continente Shopping,23379.170000000002,11
Brooksfield,Moda,Garten Shopping,21141.99,6
Brooksfield,Moda,Neumarkt Shopping,42738.95,15
Bull Prime Steak House,Gastronomia,Garten Shopping,3353.2799999999997,10
Burger King,Gastronomia,Continente Shopping,1678.6,26
Burger King,Gastronomia,Garten Shopping,349.58,8
Burger King,Gastronomia,Nações Shopping,1136.1,19
Burger King,Gastronomia,Neumarkt Shopping,893.3,16
Burger King,Gastronomia,Norte Shopping,2865.6,40
Békko,Moda,Nações Shopping,15997.4,14
C&A,Moda,Balneário Shopping,51938.130000000005,147
C&A,Moda,Continente Shopping,29773.47,84
C&A,Moda,Garten Shopping,25176.370000000003,84
C&A,Moda,Nações Shopping,49168.340000000004,134
C&A,Moda Feminina,Norte Shopping,379.97,1
CAPA FINA,Telefonia,Garten Shopping,257.63,2
Cabanas,Moda,Neumarkt Shopping,1399.87,4
Cacau Show,Gastronomia,Balneário Shopping,1063.17,19
Cacau Show,Gastronomia,Nações Shopping,1815.92,41
Cacau Show,Gastronomia,Neumarkt Shopping,1371.43,30
Cacau Show,Gastronomia,Norte Shopping,252.26,7
Café Cultura,Gastronomia,Balneário Shopping,1770.05,34
Café Cultura,Gastronomia,Continente Shopping,516.0,10
Café Cultura,Gastronomia,Garten Shopping,2199.02,32
Café Cultura,Gastronomia,Neumarkt Shopping,1753.02,44
Calvin Klein,Moda,Balneário Shopping,9322.0,12
Calvin Klein,Moda,Garten Shopping,599.0,1
Calvin Klein e Tommy Hilfiger,Moda,Nações Shopping,9344.0,12
Calzedonia,Moda,Balneário Shopping,8084.54,23
Calzedonia,Moda Feminina,Neumarkt Shopping,5014.54,11
Calçados Pegada,Calçados,Garten Shopping,3939.36,9
Camarão Express,Gastronomia,Balneário Shopping,228.0,4
Camarão Express,Gastronomia,Continente Shopping,7531.39,75
Camarão Express,Gastronomia,Nações Shopping,6872.4,67
Camicado,Casa e Decoração,Balneário Shopping,13653.970000000001,23
Camicado,Casa e Decoração,Nações Shopping,4301.38,15
Camicado,Casa e Decoração,Neumarkt Shopping,11370.59,34
Cantinho Grill,Gastronomia,Nações Shopping,940.6,11
Carioca Calçados,Calçados,Continente Shopping,15974.380000000001,40
Carter's,Infantil,Garten Shopping,14037.150000000001,27
Carter's,Infantil,Neumarkt Shopping,7126.5,24
Carter´s,Infantil,Balneário Shopping,11489.27,29
Cartes - Cozinha do Mundo,Gastronomia,Continente Shopping,5767.36,67
Casa Bauducco,Gastronomia,Balneário Shopping,1846.7,33
Casa Bauducco,Gastronomia,Garten Shopping,761.3,14
Casa Maria,Casa e Decoração,Continente Shopping,1859.1200000000001,29
Casa Maria,Casa e Decoração,Nações Shopping,1636.69,21
Casas Bahia,Eletrodomésticos,Norte Shopping,13925.16,6
Cases e Capas,Presentes e Acessórios,Nações Shopping,959.96,3
Cassol Centerlar,Casa e Decoração,Nações Shopping,6275.65,24
Cavezzale,Presentes e Acessórios,Neumarkt Shopping,4328.8,9
Celular Shop,Eletrônicos,Balneário Shopping,69.0,1
Centauro,Esportes,Balneário Shopping,65479.1,136
Centauro,Esportes,Continente Shopping,27837.74,57
Centauro,Esportes,Garten Shopping,35906.67,88
Centauro,Esportes,Nações Shopping,34064.46,75
Centauro,Esportes,Neumarkt Shopping,46142.78,104
Centauro,Esportes,Norte Shopping,16778.95,43
Chef Naza,Gastronomia,Nações Shopping,185.3,2
Chef's & Fritas,Gastronomia,Nações Shopping,646.0,8
Chilli Beans,Ótica,Balneário Shopping,1559.96,2
Chilli Beans,Ótica,Continente Shopping,800.0,1
Chilli Beans,Ótica,Garten Shopping,2561.0,1
Chiquinho Sorvetes,Gastronomia,Neumarkt Shopping,394.0,14
Chiquinho Sorvetes,Gastronomia - Sorvetes,Continente Shopping,173.0,7
Chiquinho Sorvetes,Gastronomia - Sorvetes,Garten Shopping,365.5,11
Chiquinho Sorvetes,Gastronomia - Sorvetes,Norte Shopping,310.0,10
Chuá Brand,Moda,Garten Shopping,6696.6,7
Chuá Brand,Moda Feminina,Continente Shopping,3385.2999999999997,3
Cia do Homem,Moda,Neumarkt Shopping,20096.6,32
Cia do Terno,Moda,Norte Shopping,6076.599999999999,10
Cinépolis,Lazer,Continente Shopping,877.0,14
Cinépolis,Lazer,Norte Shopping,627.0,11
Claro,Telefonia,Continente Shopping,3498.0,2
Claro,Telefonia,Neumarkt Shopping,4748.88,2
Clifield,Moda,Balneário Shopping,6055.9,6
Clifield,Moda,Continente Shopping,13083.2,13
Clube Melissa,Calçados,Balneário Shopping,979.6999999999999,3
Clube Melissa,Calçados,Neumarkt Shopping,2498.9,8
Coach,Beleza e Bem-estar,Balneário Shopping,39486.5,11
Cobasi,Pets,Continente Shopping,4953.6,35
Cobasi,Pets,Nações Shopping,4728.68,37
Cobasi,Pets,Neumarkt Shopping,6909.37,43
Cobasi,Pets,Norte Shopping,3331.4900000000002,31
Colcci,Moda,Balneário Shopping,17076.0,8
Colcci,Moda,Nações Shopping,9731.6,9
Coliseu,Joalheria,Balneário Shopping,1800.1,2
Companhia da Moda,Moda,Continente Shopping,2903.31,6
Conecta Store,Eletrônicos,Garten Shopping,4390.0,1
Constance,Calçados,Continente Shopping,5754.7300000000005,14
Continente Shopping - Estacionamento,Serviços,Continente Shopping,1876.0,67
Cores em Cacau,Gastronomia,Balneário Shopping,267.45,7
Cotton On,Beleza e Bem-estar,Balneário Shopping,29865.03,59
Cotton On,Moda,Continente Shopping,8322.55,20
Cotton On,Moda,Garten Shopping,18789.32,39
Creamy Skin Care,Beleza e Bem-estar,Balneário Shopping,3293.93,13
Criamigos,Infantil,Balneário Shopping,2947.0,9
Criamigos,Presentes e Acessórios,Garten Shopping,864.8499999999999,4
Crocs,Calçados,Garten Shopping,3216.0,11
Crocs,Calçados,Nações Shopping,4256.67,10
Crocs,Calçados,Neumarkt Shopping,565.0,4
Cvc Viagens,Serviços,Neumarkt Shopping,38600.19,2
Damyller,Moda,Continente Shopping,9102.0,10
Damyller,Moda,Garten Shopping,9169.0,17
Damyller,Moda,Nações Shopping,11975.25,18
Damyller,Moda,Neumarkt Shopping,12660.0,15
Daniela Tombini,Moda,Neumarkt Shopping,2044.0,2
De Ville Gourmet,Gastronomia,Balneário Shopping,1221.82,13
Decathlon,Esportes,Continente Shopping,24692.58,79
Democrata,Calçados,Balneário Shopping,8007.3,11
Democrata,Calçados,Continente Shopping,4345.35,9
Democrata,Calçados,Garten Shopping,329.9,1
Democrata,Calçados,Neumarkt Shopping,5502.349999999999,17
Dengo,Beleza e Bem-estar,Balneário Shopping,4912.7699999999995,28
Digital Duo,Eletrônicos,Garten Shopping,169.8,1
Divino Fogão,Gastronomia,Continente Shopping,333.83,6
Divino Fogão,Gastronomia,Neumarkt Shopping,1013.95,12
Divino Fogão,Gastronomia - Restaurante,Norte Shopping,1190.64,19
Docejo,Gastronomia,Continente Shopping,1637.21,29
Dolce & Gabbana Do Brasil,Moda,Balneário Shopping,157618.0,4
Dona Torta,Gastronomia,Garten Shopping,3163.75,63
Donna Mirô,Gastronomia,Nações Shopping,632.61,9
Dress To,Moda Feminina,Balneário Shopping,729.3,1
Due Sapori,Gastronomia,Neumarkt Shopping,2960.39,42
Duladu,Gastronomia,Balneário Shopping,4692.32,17
Duplicado*,Moda,Garten Shopping,2211.0,3
Dvie Joalheria,Joalheria,Balneário Shopping,2275.0,1
EVOLUCELL CELULARES,Telefonia,Continente Shopping,55.0,1
Ellus,Moda,Balneário Shopping,789.0,1
Empório DUHomem,Moda,Neumarkt Shopping,414.79999999999995,2
Empório Du Homem,Moda,Continente Shopping,17054.43,12
Empório Du Homem,Moda,Nações Shopping,8261.82,5
Empório DuHomem,Moda,Norte Shopping,5821.52,11
Empório Sabores do Mundo,Gastronomia,Neumarkt Shopping,289.0,3
Espaço Laser,Beleza e Bem-estar,Neumarkt Shopping,300.0,1
Essence Parfums,Beleza e Bem-estar,Nações Shopping,17802.82,15
Estacionamento - Nações Shopping (CERTO),Serviços,Nações Shopping,291.0,14
Estação Choperia,Gastronomia,Neumarkt Shopping,977.6,15
Estação Choperia,Gastronomia,Norte Shopping,77.8,4
Express Grill,Gastronomia,Norte Shopping,428.4,8
FARM Rio,Moda,Continente Shopping,2950.43,4
FREDDO GELATERIA,Gastronomia,Nações Shopping,1117.7,25
Farm,Moda,Balneário Shopping,6298.2,8
Farm,Moda,Nações Shopping,1992.1999999999998,3
Farm,Moda Feminina,Garten Shopping,3975.9,4
Farm,Moda Feminina,Neumarkt Shopping,7118.7,8
Feng Cheng,Gastronomia,Garten Shopping,2070.56,19
Feng Cheng,Gastronomia,Neumarkt Shopping,3078.7599999999998,39
Feng Cheng,Gastronomia,Norte Shopping,1104.1,9
Fini,Gastronomia,Continente Shopping,2437.39,75
Fini,Gastronomia,Garten Shopping,50.62,2
Fini,Gastronomia,Nações Shopping,39.32,2
Floripratas,Presentes e Acessórios,Continente Shopping,1241.6,4
Forneria Carbone,Gastronomia,Continente Shopping,14653.92,30
Frank d'Ferran Cabelereiros,Salão de Beleza | Barbearia,Continente Shopping,1147.0,4
Freddo,Gastronomia,Garten Shopping,1056.2,22
Freddo,Gastronomia,Neumarkt Shopping,1385.0,31
Freddo Gelateria,Gastronomia - Sorvetes,Norte Shopping,83.7,1
Fun Case,Eletrônicos,Norte Shopping,69.0,1
Fun Case,Telefonia,Garten Shopping,198.0,1
Fun Case Gamer,Presentes e Acessórios,Balneário Shopping,300.0,1
Fábrica Di Chocolate,Gastronomia,Nações Shopping,224.25,5
Fátima Bebê,Infantil,Nações Shopping,1506.2,7
Fátima Criança,Infantil,Nações Shopping,3961.1,24
Fátima Esportes,Esportes,Nações Shopping,9444.17,17
Fátima Papelaria,Papelaria,Nações Shopping,274.4,6
GNC Cinemas,Lazer,Neumarkt Shopping,1842.26,33
Game Mania,Eletrônicos,Neumarkt Shopping,3238.2,10
Game Mania,Eletrônicos,Norte Shopping,2459.8,1
Gamelas & Panella's,Gastronomia,Continente Shopping,2285.26,32
Gamelas & Panella´s,Gastronomia,Balneário Shopping,1728.99,13
Garten Shopping - Estacionamento,Serviços,Garten Shopping,994.0,41
Gelato Borelli,Gastronomia,Neumarkt Shopping,761.0,15
Gelato Borelli,Gastronomia - Sorvetes,Garten Shopping,1306.0,19
General Lyy,Moda,Garten Shopping,5913.59,13
General Lyy,Moda,Neumarkt Shopping,6442.86,13
Gio Gelato Sorveteria Italiana Artesanal,Não informado,Nações Shopping,210.6,5
Giraffa's,Gastronomia,Balneário Shopping,801.9,10
Giraffas,Gastronomia,Continente Shopping,1311.52,22
Gnc Balneario,Lazer,Balneário Shopping,1449.94,24
Gnc Cinemas,Lazer,Nações Shopping,1515.71,28
Gnc Joinville Garten,Lazer,Garten Shopping,1156.48,9
Go Coffee,Gastronomia,Norte Shopping,513.5,7
Goldko,Gastronomia,Continente Shopping,73.43,2
Gondolier,Gastronomia,Neumarkt Shopping,2892.19,36
Granado,Beleza e Bem-estar,Balneário Shopping,11400.75,41
Granado Phamácias,Farmácias,Garten Shopping,7052.72,30
GrandVision by Fototica,Ótica,Neumarkt Shopping,9169.45,5
Grandvision by Fototica,Ótica,Balneário Shopping,1740.0,1
Grano Pasta Ristorante,Gastronomia,Garten Shopping,1546.0,26
Griletto,Gastronomia,Continente Shopping,656.2,9
Griletto,Gastronomia,Nações Shopping,1047.4,16
Griletto,Gastronomia - Restaurante,Garten Shopping,66.81,2
H'Cel,Eletrônicos,Norte Shopping,675.0,3
HOPE,Moda Feminina,Garten Shopping,3892.36,8
Havaianas,Calçados,Balneário Shopping,3793.07,23
Havaianas,Calçados,Garten Shopping,914.88,11
Havaianas,Calçados,Nações Shopping,578.88,5
Havan,Casa e Decoração,Neumarkt Shopping,52967.88,139
Havan,Casa e Decoração,Norte Shopping,51846.06,125
Havanna Café,Gastronomia,Balneário Shopping,78.32,1
Hefesto Acessorios,Presentes e Acessórios,Continente Shopping,1937.0,4
Hering,Moda,Garten Shopping,18826.63,57
Hering,Moda,Norte Shopping,2789.77,9
Hering Store,Moda,Balneário Shopping,16232.99,38
Hering Store,Moda,Continente Shopping,5899.4800000000005,16
Hering Store,Moda,Neumarkt Shopping,20366.670000000002,54
Hope,Moda,Balneário Shopping,148.42000000000002,2
Hope,Moda,Continente Shopping,2991.91,10
Hope,Moda,Neumarkt Shopping,5968.88,17
Hope Nacoes Shopping,Outros,Nações Shopping,4547.3,12
Hot Dog Du Piru,Gastronomia,Continente Shopping,237.98,6
IDéli oui,Beleza e Bem-estar,Continente Shopping,5461.8,16
Idéli Oui,Beleza e Bem-estar,Garten Shopping,16412.79,20
Idéli.Oui,Beleza e Bem-estar,Neumarkt Shopping,32771.0,26
Idéli.oui,Beleza e Bem-estar,Norte Shopping,21144.18,48
Inovathi Acessórios,Presentes e Acessórios,Garten Shopping,3439.81,13
Intimissimi,Moda Feminina,Neumarkt Shopping,7952.11,12
It Cell,Eletrônicos,Continente Shopping,899.96,3
JAH Açaí,Gastronomia,Nações Shopping,207.09,6
JCanedo,Moda,Garten Shopping,6711.610000000001,8
JCanedo,Moda,Neumarkt Shopping,15245.960000000001,26
JCanedo,Moda,Norte Shopping,8135.57,11
Jah Açaí,Gastronomia,Balneário Shopping,349.44,8
Jah Açaí Joinville,Gastronomia - Sorvetes,Garten Shopping,343.21999999999997,8
Jcanedo,Moda,Balneário Shopping,4923.29,4
Joalheria Baier,Joalheria,Neumarkt Shopping,2195.0,2
John John,Moda,Continente Shopping,7061.8,8
John John Denim,Moda,Balneário Shopping,3505.0,7
KFC,Fast Food,Norte Shopping,1616.3,26
KFC,Gastronomia,Balneário Shopping,1482.2,20
KFC,Gastronomia,Garten Shopping,1360.4,21
Kalunga,Papelaria,Continente Shopping,8368.26,58
Kalunga,Papelaria,Garten Shopping,6054.82,57
Kalunga,Papelaria,Neumarkt Shopping,13233.53,85
Kfc,Gastronomia,Continente Shopping,144.5,2
Kfc,Gastronomia,Neumarkt Shopping,1416.5,25
Kib´s,Kids,Garten Shopping,1718.53,26
Kings  Sneakers,Calçados,Continente Shopping,4779.099999999999,7
Kings Sneackers,Calçados,Nações Shopping,3509.59,4
Kings Sneakers,Calçados,Neumarkt Shopping,5489.04,7
Kings Sneakers,Moda,Garten Shopping,2929.49,4
Kings Sneakers,Moda,Norte Shopping,5968.299999999999,6
Kipling,Presentes e Acessórios,Balneário Shopping,507.9,2
Kitsu Box,Gastronomia,Nações Shopping,406.13,3
Kombina Felice,Gastronomia - Restaurante,Neumarkt Shopping,13305.75,44
Kopenhagen,Gastronomia,Continente Shopping,862.85,11
Kopenhagen,Gastronomia,Neumarkt Shopping,2902.03,59
Kopenhagen,Não informado,Nações Shopping,1472.93,33
L'OCCITANE AU BRESIL,Beleza e Bem-estar,Continente Shopping,99.9,1
L'Occitane Au Brésil,Beleza e Bem-estar,Neumarkt Shopping,3120.9,14
L'Occitane en Provence,Beleza e Bem-estar,Neumarkt Shopping,2448.8,6
L'occitane Au Brasil,Beleza e Bem-estar,Garten Shopping,3780.6,17
L'occitane Bresil,Beleza e Bem-estar,Balneário Shopping,3039.91,17
LAtte Art Coffee Cafeteria,Gastronomia,Neumarkt Shopping,135.0,4
LIVE!,Moda,Neumarkt Shopping,5349.7,8
LOJAS AMERICANAS,Eletrodomésticos,Neumarkt Shopping,3796.86,75
LUZ DA LUA,Calçados,Garten Shopping,5323.2,7
La Dullie,Gastronomia,Norte Shopping,198.0,4
Laci Baruffi,Presentes e Acessórios,Neumarkt Shopping,139.0,1
Lacoste,Moda,Balneário Shopping,3654.0,1
Lanzara,Joalheria,Continente Shopping,600.0,1
Lança Perfume,Moda,Nações Shopping,1101.0,1
Las Leñas,Gastronomia,Balneário Shopping,4070.2200000000003,13
Las Leñas Parrilla Uruguaya,Gastronomia,Nações Shopping,1766.6,6
Le Charbon Crepes e Café,Gastronomia,Nações Shopping,111.5,2
Le Creuset,Casa e Decoração,Balneário Shopping,4970.6,10
Le Lis,Moda,Neumarkt Shopping,13886.7,13
Le Lis Blanc,Moda,Balneário Shopping,11079.1,7
Le Lis Blanc,Moda,Garten Shopping,17287.55,14
Le Postiche,Presentes e Acessórios,Continente Shopping,1511.96,4
Leo Cosméticos,Beleza e Bem-estar,Continente Shopping,6068.66,65
Leo Cosméticos,Beleza e Bem-estar,Garten Shopping,5449.72,70
Leo Cosméticos,Beleza e Bem-estar,Norte Shopping,3502.74,52
Levi's,Moda,Balneário Shopping,20101.02,28
Levi's,Moda,Garten Shopping,18529.29,33
Lez a Lez,Moda,Continente Shopping,999.9,1
Lez a Lez,Moda Feminina,Nações Shopping,6148.7,6
Life Vivara,Joalheria,Continente Shopping,6240.0,5
Life Vivara,Joalheria,Garten Shopping,11079.99,12
Life by Vivara,Joalheria,Neumarkt Shopping,21418.0,27
Lindt,Gastronomia,Balneário Shopping,13555.81,87
Lindt,Gastronomia,Garten Shopping,2309.41,21
Lindt,Gastronomia,Neumarkt Shopping,3180.74,28
Liquori Caffè Gourmet,Gastronomia,Balneário Shopping,696.0,11
Live!,Moda,Balneário Shopping,12688.13,22
Live!,Moda,Garten Shopping,6285.78,8
Live!,Moda,Nações Shopping,2536.21,5
Live!,Moda Feminina,Continente Shopping,9304.42,9
Livraria Catarinense,Livrarias,Nações Shopping,10762.73,73
Livrarias Catarinense,Livrarias,Balneário Shopping,21690.82,167
Livrarias Catarinense,Livrarias,Continente Shopping,12487.47,101
Livrarias Catarinense,Livrarias,Neumarkt Shopping,30342.84,225
Livrarias Catarinense,Livrarias,Norte Shopping,7219.54,69
Livrarias Curitiba,Livrarias,Garten Shopping,12786.83,113
Livre Mix,Joalheria,Nações Shopping,119.99,1
Loft,Eletrônicos,Balneário Shopping,459.8,2
Lofty style,Moda Feminina,Balneário Shopping,11066.07,13
Lojas Americanas,Eletrodomésticos,Continente Shopping,3636.6,50
Lojas Americanas,Eletrodomésticos,Norte Shopping,3188.44,56
Lojas Americanas,Supermercado,Balneário Shopping,1642.74,39
Lojas Americanas,Supermercado,Nações Shopping,33.98,2
Loungerie,Moda,Balneário Shopping,7389.07,16
Lua Luá,Moda,Balneário Shopping,8310.85,12
Lua Luá,Moda,Continente Shopping,2292.75,3
Lug's,Gastronomia,Nações Shopping,745.23,10
Luiza Barcelos,Calçados,Garten Shopping,2199.8,2
Lupo,Moda,Balneário Shopping,9432.8,32
Lupo,Moda,Continente Shopping,2125.74,12
Lupo,Moda,Garten Shopping,1536.79,10
Lupo,Moda,Nações Shopping,5902.8,31
Lupo,Moda,Neumarkt Shopping,13040.4,50
Luz da Lua,Calçados,Balneário Shopping,28209.46,24
Luz da Lua,Calçados,Neumarkt Shopping,14678.0,12
Luz da Lua,Calçados Femininos,Nações Shopping,18314.9,20
Luz da Lua,Moda,Continente Shopping,7458.9400000000005,8
MB Acessórios,Presentes e Acessórios,Neumarkt Shopping,2205.8,11
MB acessórios,Presentes e Acessórios,Balneário Shopping,1403.7,8
Mac,Beleza e Bem-estar,Balneário Shopping,2233.05,8
Madero,Gastronomia,Balneário Shopping,12392.05,47
Madero,Gastronomia,Continente Shopping,8754.87,35
Madero,Gastronomia,Garten Shopping,6322.62,34
Madero,Gastronomia,Neumarkt Shopping,30886.19,149
Magazine Luiza,Eletrodomésticos,Balneário Shopping,6555.6,8
Magazine Luiza,Eletrodomésticos,Continente Shopping,13029.8,7
Magazine Luiza,Eletrodomésticos,Garten Shopping,11211.09,4
Magazine Luiza,Eletrodomésticos,Norte Shopping,20338.82,10
Magic Feet,Moda,Balneário Shopping,18682.72,16
Makenji,Moda,Garten Shopping,10507.22,12
Mamma Mia,Gastronomia,Garten Shopping,6662.5,25
Mamma Mia Express,Gastronomia,Neumarkt Shopping,964.0,18
Mamma Mia Galeto,Gastronomia,Nações Shopping,1084.6,4
Manly,Moda Feminina,Continente Shopping,399.92,1
Manly,Moda Feminina,Garten Shopping,2223.2799999999997,3
Mar de Maria,Moda,Nações Shopping,999.0,5
Maria Dolores,Joalheria,Balneário Shopping,6684.0,5
Maxmuscle,Esportes,Nações Shopping,79.9,1
Maze,Calçados,Neumarkt Shopping,9148.93,9
Maze Vale Comercio LTDA,Moda,Continente Shopping,12468.220000000001,11
Mc Donalds,Gastronomia,Norte Shopping,2084.0,31
Mc Donald´s Quiosque 1,Fast Food,Neumarkt Shopping,117.7,6
McDonald's,Gastronomia,Balneário Shopping,2538.35,35
McDonald's,Gastronomia,Continente Shopping,3716.6,57
McDonald's,Gastronomia,Garten Shopping,3215.3,55
McDonald's,Gastronomia,Neumarkt Shopping,1709.2,39
McDonald´s Quiosque,Gastronomia,Neumarkt Shopping,79.8,3
Me Blue,Presentes e Acessórios,Continente Shopping,1587.0,6
Me.Linda,Beleza e Bem-estar,Continente Shopping,2758.29,25
Me.Linda,Beleza e Bem-estar,Neumarkt Shopping,17607.09,103
MeLinda,Calçados Femininos,Balneário Shopping,3634.24,28
Metroville Prime Grill,Gastronomia,Garten Shopping,519.88,8
Milky Moo,Gastronomia,Continente Shopping,360.0,9
Milky Moo,Gastronomia,Garten Shopping,332.0,7
Milky Moo,Gastronomia,Neumarkt Shopping,132.0,5
Milky Moo,Gastronomia,Norte Shopping,190.0,7
Milky moo,Gastronomia,Balneário Shopping,180.0,4
Milkymoo,Gastronomia - Sorvetes,Nações Shopping,462.9,13
Milon,Infantil,Balneário Shopping,6915.5199999999995,20
Milon,Infantil,Garten Shopping,4451.5,4
Mini Kalzone,Gastronomia,Balneário Shopping,562.0,25
Mini Kalzone,Gastronomia,Continente Shopping,1062.79,43
Mini Kalzone,Gastronomia,Garten Shopping,1276.8,46
Mini Kalzone,Gastronomia,Nações Shopping,1303.6,50
Mini Kalzone,Gastronomia,Neumarkt Shopping,1958.1,72
Mini Kalzone,Gastronomia,Norte Shopping,1955.3,62
Miniso,Presentes e Acessórios,Balneário Shopping,1846.47,26
Miss Make,Beleza e Bem-estar,Norte Shopping,309.20000000000005,3
Montana Grill,Gastronomia,Continente Shopping,1650.21,20
Montana Grill,Gastronomia,Garten Shopping,924.81,13
Monte Carlo Joias,Joalheria,Balneário Shopping,20129.0,4
Monviso,Ótica,Continente Shopping,1811.0,1
Morana,Presentes e Acessórios,Balneário Shopping,5389.0,23
Morana Acessórios,Presentes e Acessórios,Garten Shopping,829.2,4
Motorola,Telefonia,Neumarkt Shopping,4534.0,2
Motorola,Telefonia,Norte Shopping,12796.0,2
Mr. Cat,Calçados,Continente Shopping,639.8,2
Mr. Cheff,Gastronomia,Balneário Shopping,77.99000000000001,2
Mr. Cheff,Gastronomia,Continente Shopping,242.93,5
Mr. Cheff,Gastronomia,Neumarkt Shopping,120.97,2
Mr. Cheff,Gastronomia,Norte Shopping,229.95,4
Mundo Di Chocolate,Gastronomia,Garten Shopping,91.15,1
Narbona Brasil,Gastronomia,Continente Shopping,5223.89,9
Natura,Beleza e Bem-estar,Balneário Shopping,8574.61,39
Natura,Beleza e Bem-estar,Continente Shopping,4971.7300000000005,31
Natura,Beleza e Bem-estar,Garten Shopping,1654.44,16
Natura,Beleza e Bem-estar,Nações Shopping,1147.15,7
Natura,Beleza e Bem-estar,Neumarkt Shopping,3861.66,29
Natura,Beleza e Bem-estar,Norte Shopping,3315.69,21
Nações Shopping Estacionamento,Não informado,Nações Shopping,1138.0,49
Nba Store Balneario Camboriu,Moda,Balneário Shopping,5008.71,5
Nike Unite,Moda,Continente Shopping,23596.22,47
Norte Shopping - Estacionamento,Serviços,Norte Shopping,1556.0,68
Nutty Bavarian,Gastronomia,Garten Shopping,160.0,2
O Boticário,Beleza e Bem-estar,Balneário Shopping,14031.76,72
O Boticário,Beleza e Bem-estar,Continente Shopping,3905.1499999999996,22
O Boticário,Beleza e Bem-estar,Garten Shopping,5530.04,30
O Boticário,Beleza e Bem-estar,Neumarkt Shopping,8547.57,33
O Boticário,Beleza e Bem-estar,Norte Shopping,6428.28,20
OJO Sol & Grau,Ótica,Garten Shopping,840.0,1
Oakley,Ótica,Balneário Shopping,2973.0,2
Oculum,Calçados,Balneário Shopping,8510.5,2
Officina Gelatiera,Gastronomia,Nações Shopping,568.4499999999999,15
Officina do Celular,Eletrônicos,Garten Shopping,519.7,3
Ojo by mr.ray,Ótica,Balneário Shopping,1920.0,2
Ophicina,Moda,Continente Shopping,4074.44,5
Ophicina,Moda,Garten Shopping,1949.93,2
Ophicina Foot Wear,Não informado,Nações Shopping,1949.99,2
Ophicina Footwear,Moda,Neumarkt Shopping,6957.96,6
Orientali,Gastronomia,Balneário Shopping,1346.54,13
Orientali,Gastronomia,Neumarkt Shopping,1075.78,14
Osklen,Moda,Balneário Shopping,2125.44,4
Outback SteakHouse,Gastronomia,Nações Shopping,6583.2699999999995,23
Outback Steakhouse,Gastronomia,Balneário Shopping,18338.17,68
Outback Steakhouse,Gastronomia,Continente Shopping,3717.81,15
Outback Steakhouse,Gastronomia,Garten Shopping,13277.31,43
Outback Steakhouse,Gastronomia,Neumarkt Shopping,6908.55,23
Outlet Suplementos,Esportes,Continente Shopping,168.99,1
PRIME GAMES,Eletrônicos,Continente Shopping,195.0,2
Padrão,Moda,Garten Shopping,14086.6,9
Paladare Di Italia,Gastronomia,Balneário Shopping,433.0,5
Pampili,Infantil,Balneário Shopping,1089.35,6
Panda Café & Chá Mix,Gastronomia,Nações Shopping,110.8,3
Panda Sushi,Gastronomia,Nações Shopping,451.58,7
Pandora,Joalheria,Garten Shopping,3275.0,4
Pandora,Joalheria,Nações Shopping,7854.0,8
Panvel Farmácias,Farmácias,Continente Shopping,6367.21,48
Panvel Farmácias,Farmácias,Garten Shopping,3388.65,39
Panvel Farmácias,Farmácias,Nações Shopping,3281.96,19
Panvel Farmácias,Farmácias,Neumarkt Shopping,6134.87,48
Paquetá,Esportes,Neumarkt Shopping,12105.44,30
Paquetá,Esportes,Norte Shopping,7142.22,19
Paquetá Esportes,Esportes,Balneário Shopping,4304.83,11
Paquetá Esportes,Esportes,Garten Shopping,2759.88,10
Paris Cosméticos,Beleza e Bem-estar,Balneário Shopping,33666.81,81
Patbo,Moda Feminina,Balneário Shopping,4126.5,1
Paula Torres,Calçados Femininos,Balneário Shopping,8412.25,6
Pecorino,Gastronomia,Balneário Shopping,4387.01,11
Pegada,Calçados,Balneário Shopping,8484.710000000001,19
Pegada,Calçados,Neumarkt Shopping,4454.83,8
Pernambucanas,Moda,Continente Shopping,4042.73,23
Piastrini Joinville - Optica Machota,Ótica e Joalheria,Garten Shopping,3586.5,2
Pingu Brinquedos,Infantil,Neumarkt Shopping,95.9,1
Pittol,Calçados,Garten Shopping,39114.54,114
Pittol,Calçados,Nações Shopping,18332.61,68
Pittol,Calçados,Norte Shopping,37128.18,119
Pizza Hut,Gastronomia,Balneário Shopping,1098.0,12
Pizza Hut,Gastronomia,Neumarkt Shopping,1369.4,17
Plié,Moda,Balneário Shopping,1505.01,6
Plié,Moda,Garten Shopping,1662.19,4
Polishop,Eletrodomésticos,Continente Shopping,4500.0,1
Polo Wear,Moda,Continente Shopping,4093.7000000000003,20
Polo Wear,Moda,Garten Shopping,3088.82,8
Polo Wear,Moda,Nações Shopping,2468.48,8
Polo Wear,Moda,Norte Shopping,4409.53,21
Pop Me,Moda,Continente Shopping,7821.66,22
Pop Me,Moda,Garten Shopping,299.70000000000005,2
Portus Padaria Artesanal,Gastronomia,Neumarkt Shopping,939.5,18
Pratafina,Presentes e Acessórios,Garten Shopping,2940.0,15
Pratafina,Presentes e Acessórios,Neumarkt Shopping,4660.0,22
Pratafina,Presentes e Acessórios,Norte Shopping,4449.0,14
Provin Joias,Não informado,Continente Shopping,374.5,2
Puket,Moda,Balneário Shopping,2230.5,11
Purpurata,Presentes e Acessórios,Garten Shopping,3079.7,8
Quebra Gelo,Presentes e Acessórios,Continente Shopping,788.5,2
"Quem disse, Berenice?",Beleza e Bem-estar,Balneário Shopping,615.77,5
Quiksilver,Moda,Balneário Shopping,1145.26,3
Quiosque - Milky Moo,Gastronomia,Nações Shopping,151.0,4
Rayban,Ótica,Balneário Shopping,19932.5,12
Rei Do Mate,Gastronomia,Neumarkt Shopping,2671.1,32
Renner,Moda,Balneário Shopping,121638.43,294
Renner,Moda,Continente Shopping,62885.63,162
Renner,Moda,Garten Shopping,86449.48,204
Renner,Moda,Nações Shopping,71625.32,184
Renner,Moda,Neumarkt Shopping,77878.81,228
Renner,Moda,Norte Shopping,23371.11,60
Reserva,Moda,Balneário Shopping,10353.0,9
Reserva,Moda,Continente Shopping,2216.0,2
Reserva,Moda,Garten Shopping,1957.8000000000002,4
Reserva,Moda,Neumarkt Shopping,4705.3,5
Reserva Nacoes Shopping,Moda,Nações Shopping,1356.7,1
Ri Happy,Infantil,Balneário Shopping,2944.44,17
Ri Happy,Infantil,Garten Shopping,1860.66,10
Ri Happy,Infantil,Neumarkt Shopping,7215.72,32
Ri Happy Baby,Infantil,Continente Shopping,1439.87,11
Riachuelo,Moda,Continente Shopping,26932.260000000002,95
Riachuelo,Moda,Garten Shopping,64636.23,192
Riachuelo,Moda,Nações Shopping,19937.23,68
Riachuelo,Moda,Neumarkt Shopping,54534.51,159
Riachuelo,Moda,Norte Shopping,24887.52,82
Richard's,Moda,Balneário Shopping,1863.0,3
Rip Curl,Moda,Balneário Shopping,13375.869999999999,8
Ritmi Studio,Moda Feminina,Nações Shopping,9460.0,24
Riviera Café,Gastronomia,Continente Shopping,769.5,14
Roasted Potato & Suco Bagaço,Gastronomia,Balneário Shopping,15.99,1
Royal Trudel,Gastronomia,Nações Shopping,411.6,8
Sabor Brasileiro,Gastronomia,Norte Shopping,16847.68,78
Saint Germain,Joalheria,Balneário Shopping,2146.3999999999996,6
Saint Germain,Joalheria,Neumarkt Shopping,359.9,1
Samsonite,Presentes e Acessórios,Balneário Shopping,1579.0,3
Samsung,Eletrônicos,Balneário Shopping,7397.0,2
Samsung,Eletrônicos,Garten Shopping,6246.0,3
Samsung,Eletrônicos,Nações Shopping,8247.0,3
Samsung,Eletrônicos,Neumarkt Shopping,22662.0,4
Samsung,Eletrônicos,Norte Shopping,16018.0,5
Sandaliaria,Calçados,Continente Shopping,93.9,1
Sandaliaria Blumenau,Calçados,Norte Shopping,349.9,1
Sandra Duwe,Joalheria,Balneário Shopping,2626.0,2
Sandra Duwe,Joalheria,Neumarkt Shopping,2859.0,2
Santo Boteco,Gastronomia,Nações Shopping,7916.79,45
Schutz,Calçados,Balneário Shopping,11114.4,11
Senhora Farinha,Gastronomia,Norte Shopping,129.0,3
Sestini,Presentes e Acessórios,Balneário Shopping,1439.5,5
Shantal Grill & Risoto,Gastronomia,Balneário Shopping,127.80000000000001,2
Shawarma Food Joinville,Gastronomia,Garten Shopping,68.8,2
Shoulder,Moda Feminina,Balneário Shopping,23416.15,22
Shoulder,Moda Feminina,Garten Shopping,9502.8,13
Shoulder,Moda Feminina,Neumarkt Shopping,42264.42,31
Sinhá Benta,Gastronomia,Balneário Shopping,971.9,15
Sinhá Benta,Gastronomia,Norte Shopping,835.0,15
Sinhá Benta Café,Gastronomia,Neumarkt Shopping,1753.65,23
Sinhá Benta Gourmet,Gastronomia,Neumarkt Shopping,6235.84,66
SmartCase,Eletrônicos,Neumarkt Shopping,643.89,3
Smartcase,Eletrônicos,Continente Shopping,69.9,1
Souq,Moda Feminina,Balneário Shopping,5186.0,5
Spedini Trattoria Expressa,Gastronomia,Continente Shopping,921.05,14
Spoleto,Gastronomia,Continente Shopping,2485.79,33
St.Chicken,Gastronomia,Nações Shopping,481.1,8
Stanley,Presentes e Acessórios,Balneário Shopping,1612.0,4
Stanley,Presentes e Acessórios,Garten Shopping,1425.1,5
Strutura,Moda,Nações Shopping,1869.8500000000001,4
Studio Z,Calçados,Continente Shopping,9770.960000000001,35
Studio Z,Calçados,Neumarkt Shopping,14746.41,67
Subway,Gastronomia,Balneário Shopping,217.8,7
Subway,Gastronomia,Continente Shopping,214.0,5
Subway,Gastronomia,Garten Shopping,230.8,7
Subway,Gastronomia,Nações Shopping,1162.0,20
Subway,Gastronomia,Neumarkt Shopping,603.5,12
Subway,Gastronomia,Norte Shopping,597.0,9
Sunglass Hut,Ótica,Balneário Shopping,6028.5,4
Sunglass Hut,Ótica,Continente Shopping,1746.0,1
Superlegal,Infantil,Garten Shopping,4246.3,31
Superlegal Brinquedos,Infantil,Balneário Shopping,24675.82,98
Superlegal Brinquedos,Infantil,Norte Shopping,4275.35,35
Swarovski,Joalheria,Balneário Shopping,12156.0,5
Swarovski,Joalheria,Neumarkt Shopping,7056.0,5
Swell Poke,Gastronomia,Balneário Shopping,483.0,9
Swell Poke,Gastronomia,Continente Shopping,1365.0,20
Swell Poke,Gastronomia,Garten Shopping,93.0,2
TIM,Telefonia,Balneário Shopping,899.0,1
TIM,Telefonia,Continente Shopping,6075.0,2
TIM,Telefonia,Neumarkt Shopping,18801.16,5
TNG,Moda,Neumarkt Shopping,3299.8100000000004,9
Tabacaria E Presentes Trevo,Serviços,Garten Shopping,59.9,1
Tabacaria El Patrono,Presentes e Acessórios,Nações Shopping,244.7,4
Tea Shop,Gastronomia,Balneário Shopping,1560.0,11
Tech Smart,Eletrônicos,Neumarkt Shopping,4723.5,9
Tech Smart,Eletrônicos,Norte Shopping,1059.6,1
Tennis Place,Calçados,Garten Shopping,5149.98,5
The Family's Burger & Pizza,Gastronomia,Norte Shopping,868.76,6
The North Face,Moda,Balneário Shopping,18048.0,8
Tigre Maníacos,Esportes,Nações Shopping,530.98,1
Tip Top,Infantil,Balneário Shopping,1760.0,6
Tomato,Gastronomia,Continente Shopping,365.8,5
Tommy Hilfiger,Moda,Continente Shopping,8131.0,6
Tommy Hilfiger,Moda,Neumarkt Shopping,3175.0,3
Toni Toys,Infantil,Norte Shopping,1809.72,16
Track & Field,Moda,Neumarkt Shopping,24857.55,24
Track&Field,Moda,Balneário Shopping,21916.5,27
Track&Field,Moda,Garten Shopping,4917.2,5
Uebel Make Up,Beleza e Bem-estar,Nações Shopping,1463.45,8
Ugg,Moda Feminina,Balneário Shopping,4872.2,3
Unique,Beleza e Bem-estar,Balneário Shopping,20907.0,6
Unizushi,Gastronomia,Balneário Shopping,3410.06,14
Unizushi,Gastronomia,Neumarkt Shopping,2366.1,7
Usaflex,Calçados,Balneário Shopping,9355.74,19
Usaflex,Calçados,Continente Shopping,2888.92,7
Usaflex,Calçados,Neumarkt Shopping,5733.06,18
VIRUS 41,Calçados,Garten Shopping,9808.4,16
Valenttina,Moda,Garten Shopping,5269.34,15
Valenttina,Moda Feminina,Balneário Shopping,2387.2,10
Vans,Calçados,Balneário Shopping,4289.9,10
Via Brasil Balneario Camboriu,Moda,Balneário Shopping,6462.42,17
Via Pian Food,Gastronomia,Nações Shopping,369.40999999999997,4
Vicio DiPrata,Joalheria,Continente Shopping,1550.7,5
Victor Hugo,Moda Feminina,Balneário Shopping,20085.35,4
Victor Hugo,Presentes e Acessórios,Neumarkt Shopping,10100.0,2
Villa,Moda,Nações Shopping,2389.7,5
Virus 41,Calçados,Balneário Shopping,20517.14,27
Vivara,Joalheria,Balneário Shopping,44764.0,12
Vivara,Joalheria,Continente Shopping,23566.989999999998,11
Vivara,Joalheria,Nações Shopping,25429.989999999998,12
Vivara,Joalheria,Neumarkt Shopping,43675.07,12
Vivara,Joalheria,Norte Shopping,3550.0,3
Vivo,Telefonia,Garten Shopping,11410.4,2
Vivo,Telefonia,Neumarkt Shopping,17814.55,7
Vortex Viagens,Serviços,Nações Shopping,8116.0,1
Vr Collezioni,Moda,Balneário Shopping,2480.0,1
WOW Park,Lazer,Continente Shopping,292.4,6
WePink,Beleza e Bem-estar,Continente Shopping,3478.3,21
WePink,Beleza e Bem-estar,Neumarkt Shopping,1484.1100000000001,10
Wepink,Beleza e Bem-estar,Balneário Shopping,3489.0,31
Wepink,Beleza e Bem-estar,Nações Shopping,4260.4,26
Wepink,Não informado,Garten Shopping,2062.9,16
World Cookies,Gastronomia,Continente Shopping,183.9,7
World Tennis,Calçados,Balneário Shopping,6825.8,13
World Tennis,Calçados,Continente Shopping,3119.95,4
World Tennis,Calçados,Garten Shopping,9209.710000000001,16
World Tennis,Calçados,Nações Shopping,3225.95,5
World Tennis,Calçados,Neumarkt Shopping,11773.79,23
World Tennis,Calçados,Norte Shopping,13369.61,30
Wow Park,Lazer,Norte Shopping,1113.2,9
Youcom,Moda,Balneário Shopping,10656.380000000001,34
Youcom,Moda,Continente Shopping,8131.04,25
Youcom,Moda,Garten Shopping,6632.030000000001,20
Youcom,Moda,Nações Shopping,12297.73,39
Youcom,Moda,Neumarkt Shopping,3940.75,16
Zamban Grill,Gastronomia,Norte Shopping,96.98,1
Zanoni Sushi,Gastronomia,Continente Shopping,3280.61,42
Zee Rucci,Moda Feminina,Neumarkt Shopping,3492.53,18
Zeiss Vision Center,Ótica,Balneário Shopping,159.0,1
iPlace Mobile,Eletrônicos,Balneário Shopping,14355.759999999998,7
z Kfc,Gastronomia,Nações Shopping,1043.8,17
z SH JOIAS,Presentes e Acessórios,Nações Shopping,849.0,3
Ótica Chilli Beans,Ótica,Garten Shopping,399.98,1
Ótica Chilli Beans,Ótica,Nações Shopping,469.98,1
Ótica Chroma,Ótica,Neumarkt Shopping,2450.0,1
Ótica Diniz,Ótica,Continente Shopping,10011.9,6
Ótica Oculum,Ótica,Continente Shopping,400.0,1
Óticas Carol,Ótica,Balneário Shopping,16121.0,8
Óticas Carol,Ótica,Continente Shopping,11549.8,8
Óticas Carol,Ótica,Neumarkt Shopping,13436.7,5
Óticas Carol,Ótica,Norte Shopping,2156.4,3
